parselID;parselTurID;coordinates
1;1;POLYGON((32.70365977015192 39.98715551150938,32.70692133631403 39.99333690573029,32.73215555872614 39.99136418111636,32.73061060633356 39.981894309854866,32.71155619349177 39.977290426057365,32.70365977015192 39.98715551150938))
2;1;POLYGON((32.726834056040595 39.97360709568655,32.71996760096247 39.98728703635963,32.728550669810126 40.002279209336635,32.77421259607966 39.99780820390815,32.76906275477106 39.97255467911879,32.726834056040595 39.97360709568655))
